{
  "type": "minecraft:entity",
  "pools": [
    {
      "rolls": 1,
      "conditions": [
        {
          "condition": "killed_by_player"
        },
        {
          "condition": "random_chance_with_looting",
          "chance": 0.09,
          "looting_multiplier": 0.06
        }
      ],
      "entries": [
        {
          "type": "item",
          "name": "minecraft:player_head",
          "weight": 3,
          "functions": [
            {
              "function": "set_nbt",
              "tag": "{SkullOwner:{Id:[I;295450395,-367638583,-1384176717,-661368310],Name:'Wither',Properties:{textures:[{Value:'eyJ0ZXh0dXJlcyI6eyJTS0lOIjp7InVybCI6Imh0dHA6Ly90ZXh0dXJlcy5taW5lY3JhZnQubmV0L3RleHR1cmUvY2RmNzRlMzIzZWQ0MTQzNjk2NWY1YzU3ZGRmMjgxNWQ1MzMyZmU5OTllNjhmYmI5ZDZjZjVjOGJkNDEzOWYifX19'}]}}}"
            }
          ]
        },
        {
          "type": "item",
          "name": "minecraft:player_head",
          "weight": 2,
          "functions": [
            {
              "function": "set_nbt",
              "tag": "{SkullOwner:{Id:[I;-1228655511,-1996208043,-1608220358,-1031101787],Name:'Wither Invulnerable',Properties:{textures:[{Value:'eyJ0ZXh0dXJlcyI6eyJTS0lOIjp7InVybCI6Imh0dHA6Ly90ZXh0dXJlcy5taW5lY3JhZnQubmV0L3RleHR1cmUvM2U0ZjQ5NTM1YTI3NmFhY2M0ZGM4NDEzM2JmZTgxYmU1ZjJhNDc5OWE0YzA0ZDlhNGRkYjcyZDgxOWVjMmIyYiJ9fX0='}]}}}"
            }
          ]
        },
        {
          "type": "item",
          "name": "minecraft:player_head",
          "weight": 2,
          "functions": [
            {
              "function": "set_nbt",
              "tag": "{SkullOwner:{Id:[I;1766059203,1341869357,-2143464818,-1242958154],Name:'Wither Invulnerable',Properties:{textures:[{Value:'eyJ0ZXh0dXJlcyI6eyJTS0lOIjp7InVybCI6Imh0dHA6Ly90ZXh0dXJlcy5taW5lY3JhZnQubmV0L3RleHR1cmUvZGRhZmIyM2VmYzU3ZjI1MTg3OGU1MzI4ZDExY2IwZWVmODdiNzljODdiMjU0YTdlYzcyMjk2ZjkzNjNlZjdjIn19fQ=='}]}}}"
            }
          ]
        },
        {
          "type": "item",
          "name": "minecraft:player_head",
          "weight": 3,
          "functions": [
            {
              "function": "set_nbt",
              "tag": "{SkullOwner:{Id:[I;-718085623,-368360486,-1501738125,1383391292],Name:'Wither',Properties:{textures:[{Value:'eyJ0ZXh0dXJlcyI6eyJTS0lOIjp7InVybCI6Imh0dHA6Ly90ZXh0dXJlcy5taW5lY3JhZnQubmV0L3RleHR1cmUvOTY0ZTFjM2UzMTVjOGQ4ZmZmYzM3OTg1YjY2ODFjNWJkMTZhNmY5N2ZmZDA3MTk5ZThhMDVlZmJlZjEwMzc5MyJ9fX0='}]}}}"
            }
          ]
        }
      ]
    }
  ]
}