{
  "type": "minecraft:entity",
  "pools": [
    {
      "rolls": 1,
      "entries": [
        {
          "type": "minecraft:alternatives",
          "conditions": [
            {
              "condition": "killed_by_player"
            },
            {
              "condition": "random_chance_with_looting",
              "chance": 0.01,
              "looting_multiplier": 0.013
            }
          ],
          "children": [
            {
              "type": "item",
              "name": "minecraft:player_head",
              "functions": [
                {
                  "function": "set_nbt",
                  "tag": "{SkullOwner:{Name:'Bee',Id:[I;1999906402,-2005908390,-2036338514,-247436483],Properties:{textures:[{Value:'eyJ0ZXh0dXJlcyI6eyJTS0lOIjp7InVybCI6Imh0dHA6Ly90ZXh0dXJlcy5taW5lY3JhZnQubmV0L3RleHR1cmUvNTlhYzE2ZjI5NmI0NjFkMDVlYTA3ODVkNDc3MDMzZTUyNzM1OGI0ZjMwYzI2NmFhMDJmMDIwMTU3ZmZjYTczNiJ9fX0='}]}}}"
                }
              ],
              "conditions": [
                {
                  "condition": "entity_properties",
                  "predicate": {
                    "nbt": "{HasNectar:0b,HasStung:0b}"
                  },
                  "entity": "this"
                }
              ]
            },
            {
              "type": "item",
              "name": "minecraft:player_head",
              "functions": [
                {
                  "function": "set_nbt",
                  "tag": "{SkullOwner:{Name:'Pollinated Bee',Id:[I;2003235278,1405764951,-2132605639,-755508983],Properties:{textures:[{Value:'eyJ0ZXh0dXJlcyI6eyJTS0lOIjp7InVybCI6Imh0dHA6Ly90ZXh0dXJlcy5taW5lY3JhZnQubmV0L3RleHR1cmUvYjcyN2QwYWIwM2Y1Y2QwMjJmODcwNWQzZjdmMTMzY2E0OTIwZWFlOGUxZTQ3YjUwNzQ0MzNhMTM3ZTY5MWU0ZSJ9fX0='}]}}}"
                }
              ],
              "conditions": [
                {
                  "condition": "entity_properties",
                  "predicate": {
                    "nbt": "{HasNectar:1b,HasStung:0b}"
                  },
                  "entity": "this"
                }
              ]
            },
            {
              "type": "item",
              "name": "minecraft:player_head",
              "functions": [
                {
                  "function": "set_nbt",
                  "tag": "{SkullOwner:{Name:'Angry Bee',Id:[I;352237603,-1093908583,-1451367127,286134688],Properties:{textures:[{Value:'eyJ0ZXh0dXJlcyI6eyJTS0lOIjp7InVybCI6Imh0dHA6Ly90ZXh0dXJlcy5taW5lY3JhZnQubmV0L3RleHR1cmUvZTQwMDIyM2YxZmE1NDc0MWQ0MjFkN2U4MDQ2NDA5ZDVmM2UxNWM3ZjQzNjRiMWI3Mzk5NDAyMDhmM2I2ODZkNCJ9fX0='}]}}}"
                }
              ],
              "conditions": [
                {
                  "condition": "entity_properties",
                  "predicate": {
                    "nbt": "{HasNectar:0b,HasStung:1b}"
                  },
                  "entity": "this"
                }
              ]
            },
            {
              "type": "item",
              "name": "minecraft:player_head",
              "functions": [
                {
                  "function": "set_nbt",
                  "tag": "{SkullOwner:{Name:'Angry Pollinated Bee',Id:[I;-1589074262,619334070,-1296151011,487786327],Properties:{textures:[{Value:'eyJ0ZXh0dXJlcyI6eyJTS0lOIjp7InVybCI6Imh0dHA6Ly90ZXh0dXJlcy5taW5lY3JhZnQubmV0L3RleHR1cmUvZTZiNzRlMDUyYjc0Mjg4Nzk5YmE2ZDlmMzVjNWQwMjIxY2Y4YjA0MzMxNTQ3ZWMyZjY4ZDczNTk3YWUyYzliIn19fQ=='}]}}}"
                }
              ],
              "conditions": [
                {
                  "condition": "entity_properties",
                  "predicate": {
                    "nbt": "{HasNectar:1b,HasStung:1b}"
                  },
                  "entity": "this"
                }
              ]
            }
          ]
        }
      ]
    }
  ]
}