{
  "type": "minecraft:entity",
  "pools": [
    {
      "rolls": 1,
      "conditions": [
        {
          "condition": "killed_by_player"
        },
        {
          "condition": "random_chance_with_looting",
          "chance": 0.05,
          "looting_multiplier": 0.025
        }
      ],
      "entries": [
        {
          "type": "item",
          "name": "minecraft:player_head",
          "weight": 4,
          "functions": [
            {
              "function": "set_nbt",
              "tag": "{SkullOwner:{Id:[I;1694051747,1412055514,-1095998077,1735171216],Name:'Wolf',Properties:{textures:[{Value:'eyJ0ZXh0dXJlcyI6eyJTS0lOIjp7InVybCI6Imh0dHA6Ly90ZXh0dXJlcy5taW5lY3JhZnQubmV0L3RleHR1cmUvMWQ4MzczMWQ3N2Y1NGY1ZDRmOTNkZGQ5OWI5NDc2ZTRmMWZlNWI3ZTEzMThmMWUxNjI2ZjdkM2ZhM2FhODQ3In19fQ=='}]}}}"
            }
          ]
        },
        {
          "type": "item",
          "name": "minecraft:player_head",
          "weight": 2,
          "functions": [
            {
              "function": "set_nbt",
              "tag": "{SkullOwner:{Id:[I;1847533945,1460619516,-1560848503,1774821102],Name:'Angry Wolf',Properties:{textures:[{Value:'eyJ0ZXh0dXJlcyI6eyJTS0lOIjp7InVybCI6Imh0dHA6Ly90ZXh0dXJlcy5taW5lY3JhZnQubmV0L3RleHR1cmUvYjA0NzJkOThlOGU3MzNjNjQ4OTYwYzBmZjMwOTFiODBlNzg1YmE4MzJiMzUxODkyZjhjMTk2NWZhYzNkMjkifX19'}]}}}"
            }
          ]
        }
      ]
    }
  ]
}