{
  "type": "minecraft:entity",
  "pools": [
    {
      "rolls": 1,
      "entries": [
        {
          "type": "minecraft:item",
          "functions": [
            {
              "function": "minecraft:set_count",
              "count": {
                "min": 0.0,
                "max": 2.0,
                "type": "minecraft:uniform"
              }
            },
            {
              "function": "minecraft:looting_enchant",
              "count": {
                "min": 0.0,
                "max": 1.0
              }
            }
          ],
          "name": "minecraft:rotten_flesh"
        }
      ]
    },
    {
      "rolls": 1,
      "entries": [
        {
          "type": "minecraft:item",
          "name": "minecraft:iron_ingot"
        },
        {
          "type": "minecraft:item",
          "name": "minecraft:carrot"
        },
        {
          "type": "minecraft:item",
          "name": "minecraft:potato"
        }
      ],
      "conditions": [
        {
          "condition": "minecraft:killed_by_player"
        },
        {
          "condition": "minecraft:random_chance_with_looting",
          "chance": 0.025,
          "looting_multiplier": 0.01
        }
      ]
    },
    {
      "rolls": 1,
      "entries": [
        {
          "type": "minecraft:alternatives",
          "conditions": [
            {
              "condition": "killed_by_player"
            },
            {
              "condition": "random_chance_with_looting",
              "chance": 0.01,
              "looting_multiplier": 0.013
            }
          ],
          "children": [
            {
              "type": "item",
              "name": "minecraft:player_head",
              "functions": [
                {
                  "function": "set_nbt",
                  "tag": "{SkullOwner:{Id:[I;-585427588,-684569316,-2121934304,1367910607],Name:'Zombie Villager',Properties:{textures:[{Value:'eyJ0ZXh0dXJlcyI6eyJTS0lOIjp7InVybCI6Imh0dHA6Ly90ZXh0dXJlcy5taW5lY3JhZnQubmV0L3RleHR1cmUvZTVlMDhhODc3NmMxNzY0YzNmZTZhNmRkZDQxMmRmY2I4N2Y0MTMzMWRhZDQ3OWFjOTZjMjFkZjRiZjNhYzg5YyJ9fX0='}]}}}"
                }
              ],
              "conditions": [
                {
                  "condition": "entity_properties",
                  "predicate": {
                    "nbt": "{VillagerData:{profession:'minecraft:none'}}"
                  },
                  "entity": "this"
                }
              ]
            },
            {
              "type": "item",
              "name": "minecraft:player_head",
              "functions": [
                {
                  "function": "set_nbt",
                  "tag": "{SkullOwner:{Id:[I;637512528,-156743628,-1931929729,1832737407],Name:'Zombie Cartographer',Properties:{textures:[{Value:'eyJ0ZXh0dXJlcyI6eyJTS0lOIjp7InVybCI6Imh0dHA6Ly90ZXh0dXJlcy5taW5lY3JhZnQubmV0L3RleHR1cmUvZTYwODAwYjAxMDEyZTk2M2U3YzIwYzhiYTE0YjcwYTAyNjRkMTQ2YTg1MGRlZmZiY2E3YmZlNTEyZjRjYjIzZCJ9fX0='}]}}}"
                }
              ],
              "conditions": [
                {
                  "condition": "entity_properties",
                  "predicate": {
                    "nbt": "{VillagerData:{profession:'minecraft:cartographer'}}"
                  },
                  "entity": "this"
                }
              ]
            },
            {
              "type": "item",
              "name": "minecraft:player_head",
              "functions": [
                {
                  "function": "set_nbt",
                  "tag": "{SkullOwner:{Id:[I;-938494,1714637029,-1647098522,-1252051978],Name:'Zombie Librarian',Properties:{textures:[{Value:'eyJ0ZXh0dXJlcyI6eyJTS0lOIjp7InVybCI6Imh0dHA6Ly90ZXh0dXJlcy5taW5lY3JhZnQubmV0L3RleHR1cmUvNjIyMTFhMWY0MDljY2E0MjQ5YzcwZDIwY2E4MDM5OWZhNDg0NGVhNDE3NDU4YmU5ODhjYzIxZWI0Nzk3Mzc1ZSJ9fX0='}]}}}"
                }
              ],
              "conditions": [
                {
                  "condition": "entity_properties",
                  "predicate": {
                    "nbt": "{VillagerData:{profession:'minecraft:librarian'}}"
                  },
                  "entity": "this"
                }
              ]
            },
            {
              "type": "item",
              "name": "minecraft:player_head",
              "functions": [
                {
                  "function": "set_nbt",
                  "tag": "{SkullOwner:{Id:[I;1527228551,1384465484,-1622559402,870835032],Name:'Zombie Shepherd',Properties:{textures:[{Value:'eyJ0ZXh0dXJlcyI6eyJTS0lOIjp7InVybCI6Imh0dHA6Ly90ZXh0dXJlcy5taW5lY3JhZnQubmV0L3RleHR1cmUvNjkxMzkxYmVmM2E0NmVmMjY3ZDNiNzE3MTA4NmJhNGM4ZDE3ZjJhNmIwZjgzZmEyYWMzMGVmZTkxNGI3YzI0OSJ9fX0='}]}}}"
                }
              ],
              "conditions": [
                {
                  "condition": "entity_properties",
                  "predicate": {
                    "nbt": "{VillagerData:{profession:'minecraft:shepherd'}}"
                  },
                  "entity": "this"
                }
              ]
            },
            {
              "type": "item",
              "name": "minecraft:player_head",
              "functions": [
                {
                  "function": "set_nbt",
                  "tag": "{SkullOwner:{Id:[I;1882144942,1149062824,-1226517605,-849748369],Name:'Zombie Fisherman',Properties:{textures:[{Value:'eyJ0ZXh0dXJlcyI6eyJTS0lOIjp7InVybCI6Imh0dHA6Ly90ZXh0dXJlcy5taW5lY3JhZnQubmV0L3RleHR1cmUvNjkwNWQ1M2ZlNGZhZWIwYjMxNWE2ODc4YzlhYjgxYjRiZTUyYzMxY2Q0NzhjMDI3ZjBkN2VjZTlmNmRhODkxNCJ9fX0='}]}}}"
                }
              ],
              "conditions": [
                {
                  "condition": "entity_properties",
                  "predicate": {
                    "nbt": "{VillagerData:{profession:'minecraft:fisherman'}}"
                  },
                  "entity": "this"
                }
              ]
            },
            {
              "type": "item",
              "name": "minecraft:player_head",
              "functions": [
                {
                  "function": "set_nbt",
                  "tag": "{SkullOwner:{Id:[I;-825312485,-801488022,-1501815303,15384089],Name:'Zombie Butcher',Properties:{textures:[{Value:'eyJ0ZXh0dXJlcyI6eyJTS0lOIjp7InVybCI6Imh0dHA6Ly90ZXh0dXJlcy5taW5lY3JhZnQubmV0L3RleHR1cmUvOWNjZThkNmNlNDEyNGNlYzNlODRhODUyZTcwZjUwMjkzZjI0NGRkYzllZTg1NzhmN2Q2ZDg5MjllMTZiYWQ2OSJ9fX0='}]}}}"
                }
              ],
              "conditions": [
                {
                  "condition": "entity_properties",
                  "predicate": {
                    "nbt": "{VillagerData:{profession:'minecraft:butcher'}}"
                  },
                  "entity": "this"
                }
              ]
            },
            {
              "type": "item",
              "name": "minecraft:player_head",
              "functions": [
                {
                  "function": "set_nbt",
                  "tag": "{SkullOwner:{Id:[I;-1238765909,-886291683,-1415384960,-1290466115],Name:'Zombie Fletcher',Properties:{textures:[{Value:'eyJ0ZXh0dXJlcyI6eyJTS0lOIjp7InVybCI6Imh0dHA6Ly90ZXh0dXJlcy5taW5lY3JhZnQubmV0L3RleHR1cmUvMmVhMjZhYzBlMjU0OThhZGFkYTRlY2VhNThiYjRlNzZkYTMyZDVjYTJkZTMwN2VmZTVlNDIxOGZiN2M1ZWY4OSJ9fX0='}]}}}"
                }
              ],
              "conditions": [
                {
                  "condition": "entity_properties",
                  "predicate": {
                    "nbt": "{VillagerData:{profession:'minecraft:fletcher'}}"
                  },
                  "entity": "this"
                }
              ]
            },
            {
              "type": "item",
              "name": "minecraft:player_head",
              "functions": [
                {
                  "function": "set_nbt",
                  "tag": "{SkullOwner:{Id:[I;-1395377213,-1410576596,-1117976253,1036890651],Name:'Zombie Armorer',Properties:{textures:[{Value:'eyJ0ZXh0dXJlcyI6eyJTS0lOIjp7InVybCI6Imh0dHA6Ly90ZXh0dXJlcy5taW5lY3JhZnQubmV0L3RleHR1cmUvYzg2NzllMDM0NzY3ZDUxODY2MGQ5NDE2ZGM1ZWFmMzE5ZDY5NzY4MmFjNDBjODg2ZTNjMmJjOGRmYTFkZTFkIn19fQ=='}]}}}"
                }
              ],
              "conditions": [
                {
                  "condition": "entity_properties",
                  "predicate": {
                    "nbt": "{VillagerData:{profession:'minecraft:armorer'}}"
                  },
                  "entity": "this"
                }
              ]
            },
            {
              "type": "item",
              "name": "minecraft:player_head",
              "functions": [
                {
                  "function": "set_nbt",
                  "tag": "{SkullOwner:{Id:[I;1379338251,-725463593,-1476254163,-1797331164],Name:'Zombie Cleric',Properties:{textures:[{Value:'eyJ0ZXh0dXJlcyI6eyJTS0lOIjp7InVybCI6Imh0dHA6Ly90ZXh0dXJlcy5taW5lY3JhZnQubmV0L3RleHR1cmUvMjk1ODU3OGJlMGUxMjE3MjczNGE3ODI0MmRhYjE0OTY0YWJjODVhYjliNTk2MzYxZjdjNWRhZjhmMTRhMGZlYiJ9fX0='}]}}}"
                }
              ],
              "conditions": [
                {
                  "condition": "entity_properties",
                  "predicate": {
                    "nbt": "{VillagerData:{profession:'minecraft:cleric'}}"
                  },
                  "entity": "this"
                }
              ]
            },
            {
              "type": "item",
              "name": "minecraft:player_head",
              "functions": [
                {
                  "function": "set_nbt",
                  "tag": "{SkullOwner:{Id:[I;-1844245497,848579823,-1336727656,1418081011],Name:'Zombie Mason',Properties:{textures:[{Value:'eyJ0ZXh0dXJlcyI6eyJTS0lOIjp7InVybCI6Imh0dHA6Ly90ZXh0dXJlcy5taW5lY3JhZnQubmV0L3RleHR1cmUvZmI1NTJjOTBmMjEyZTg1NWQxMjI1NWQ1Y2Q2MmVkMzhiOWNkN2UzMGU3M2YwZWE3NzlkMTc2NDMzMGU2OTI2NCJ9fX0='}]}}}"
                }
              ],
              "conditions": [
                {
                  "condition": "entity_properties",
                  "predicate": {
                    "nbt": "{VillagerData:{profession:'minecraft:mason'}}"
                  },
                  "entity": "this"
                }
              ]
            },
            {
              "type": "item",
              "name": "minecraft:player_head",
              "functions": [
                {
                  "function": "set_nbt",
                  "tag": "{SkullOwner:{Id:[I;-2093972758,656097722,-1761581131,1082702301],Name:'Zombie Weaponsmith',Properties:{textures:[{Value:'eyJ0ZXh0dXJlcyI6eyJTS0lOIjp7InVybCI6Imh0dHA6Ly90ZXh0dXJlcy5taW5lY3JhZnQubmV0L3RleHR1cmUvNDM3MDg5NGI1Y2MzMDVkODdhYTA4YzNiNGIwODU4N2RiNjhmZjI5ZTdhM2VmMzU0Y2FkNmFiY2E1MGU1NTI4YiJ9fX0='}]}}}"
                }
              ],
              "conditions": [
                {
                  "condition": "entity_properties",
                  "predicate": {
                    "nbt": "{VillagerData:{profession:'minecraft:weaponsmith'}}"
                  },
                  "entity": "this"
                }
              ]
            },
            {
              "type": "item",
              "name": "minecraft:player_head",
              "functions": [
                {
                  "function": "set_nbt",
                  "tag": "{SkullOwner:{Id:[I;626175451,486625147,-1712661667,-1793888800],Name:'Zombie Farmer',Properties:{textures:[{Value:'eyJ0ZXh0dXJlcyI6eyJTS0lOIjp7InVybCI6Imh0dHA6Ly90ZXh0dXJlcy5taW5lY3JhZnQubmV0L3RleHR1cmUvZjc3ZDQxNWY5YmFhNGZhNGI1ZTA1OGY1YjgxYmY3ZjAwM2IwYTJjOTBhNDgzMWU1M2E3ZGJjMDk4NDFjNTUxMSJ9fX0='}]}}}"
                }
              ],
              "conditions": [
                {
                  "condition": "entity_properties",
                  "predicate": {
                    "nbt": "{VillagerData:{profession:'minecraft:farmer'}}"
                  },
                  "entity": "this"
                }
              ]
            },
            {
              "type": "item",
              "name": "minecraft:player_head",
              "functions": [
                {
                  "function": "set_nbt",
                  "tag": "{SkullOwner:{Id:[I;1419126803,570835174,-1289216241,1337684190],Name:'Zombie Toolsmith',Properties:{textures:[{Value:'eyJ0ZXh0dXJlcyI6eyJTS0lOIjp7InVybCI6Imh0dHA6Ly90ZXh0dXJlcy5taW5lY3JhZnQubmV0L3RleHR1cmUvMzAwODkzZDMxYWNkMGU4NDIzMjkyZDQxMTNjZTkxZTI3M2QxZTU3ZTVlMTA0YmFhZmM4NTNiMmU4NjRjYjQzZiJ9fX0='}]}}}"
                }
              ],
              "conditions": [
                {
                  "condition": "entity_properties",
                  "predicate": {
                    "nbt": "{VillagerData:{profession:'minecraft:toolsmith'}}"
                  },
                  "entity": "this"
                }
              ]
            },
            {
              "type": "item",
              "name": "minecraft:player_head",
              "functions": [
                {
                  "function": "set_nbt",
                  "tag": "{SkullOwner:{Id:[I;-1844245497,848579823,-1336727656,1418081011],Name:'Zombie Leatherworker',Properties:{textures:[{Value:'eyJ0ZXh0dXJlcyI6eyJTS0lOIjp7InVybCI6Imh0dHA6Ly90ZXh0dXJlcy5taW5lY3JhZnQubmV0L3RleHR1cmUvZmI1NTJjOTBmMjEyZTg1NWQxMjI1NWQ1Y2Q2MmVkMzhiOWNkN2UzMGU3M2YwZWE3NzlkMTc2NDMzMGU2OTI2NCJ9fX0='}]}}}"
                }
              ],
              "conditions": [
                {
                  "condition": "entity_properties",
                  "predicate": {
                    "nbt": "{VillagerData:{profession:'minecraft:leatherworker'}}"
                  },
                  "entity": "this"
                }
              ]
            },
            {
              "type": "item",
              "name": "minecraft:player_head",
              "functions": [
                {
                  "function": "set_nbt",
                  "tag": "{SkullOwner:{Id:[I;-1844245497,848579823,-1336727656,1418081011],Name:'Zombie Nitwit',Properties:{textures:[{Value:'eyJ0ZXh0dXJlcyI6eyJTS0lOIjp7InVybCI6Imh0dHA6Ly90ZXh0dXJlcy5taW5lY3JhZnQubmV0L3RleHR1cmUvZmI1NTJjOTBmMjEyZTg1NWQxMjI1NWQ1Y2Q2MmVkMzhiOWNkN2UzMGU3M2YwZWE3NzlkMTc2NDMzMGU2OTI2NCJ9fX0='}]}}}"
                }
              ],
              "conditions": [
                {
                  "condition": "entity_properties",
                  "predicate": {
                    "nbt": "{VillagerData:{profession:'minecraft:nitwit'}}"
                  },
                  "entity": "this"
                }
              ]
            }
          ]
        }
      ]
    }
  ]
}