{
  "type": "minecraft:entity",
  "pools": [
    {
      "rolls": 1,
      "entries": [
        {
          "type": "minecraft:item",
          "functions": [
            {
              "function": "minecraft:set_count",
              "count": {
                "min": 0.0,
                "max": 2.0,
                "type": "minecraft:uniform"
              }
            }
          ],
          "name": "minecraft:string"
        }
      ]
    },
    {
      "rolls": 1,
      "entries": [
        {
          "type": "minecraft:alternatives",
          "conditions": [
            {
              "condition": "killed_by_player"
            },
            {
              "condition": "random_chance_with_looting",
              "chance": 0.13,
              "looting_multiplier": 0.035
            }
          ],
          "children": [
            {
              "type": "item",
              "name": "minecraft:player_head",
              "functions": [
                {
                  "function": "set_nbt",
                  "tag": "{SkullOwner:{Name:'Tabby Cat',Id:[I;416313838,-1585690901,-2039730102,1210297349],Properties:{textures:[{Value:'eyJ0ZXh0dXJlcyI6eyJTS0lOIjp7InVybCI6Imh0dHA6Ly90ZXh0dXJlcy5taW5lY3JhZnQubmV0L3RleHR1cmUvZGUyOGQzMGRiM2Y4YzNmZTUwY2E0ZjI2ZjMwNzVlMzZmMDAzYWU4MDI4MTM1YThjZDY5MmYyNGM5YTk4YWUxYiJ9fX0='}]}}}"
                }
              ],
              "conditions": [
                {
                  "condition": "entity_properties",
                  "predicate": {
                    "nbt": "{CatType:0}"
                  },
                  "entity": "this"
                }
              ]
            },
            {
              "type": "item",
              "name": "minecraft:player_head",
              "functions": [
                {
                  "function": "set_nbt",
                  "tag": "{SkullOwner:{Name:'Tuxedo Cat',Id:[I;-2100355545,999575425,-1622485089,1263209002],Properties:{textures:[{Value:'eyJ0ZXh0dXJlcyI6eyJTS0lOIjp7InVybCI6Imh0dHA6Ly90ZXh0dXJlcy5taW5lY3JhZnQubmV0L3RleHR1cmUvZjJhNjYyZjJhZTdkZWJlZTY1MjkyYzJiZjQyZmJiMDliOTdiMmZmYmRiMjcwNTIwYzJkYjk2ZTUxZDg5NDUifX19'}]}}}"
                }
              ],
              "conditions": [
                {
                  "condition": "entity_properties",
                  "predicate": {
                    "nbt": "{CatType:1}"
                  },
                  "entity": "this"
                }
              ]
            },
            {
              "type": "item",
              "name": "minecraft:player_head",
              "functions": [
                {
                  "function": "set_nbt",
                  "tag": "{SkullOwner:{Name:'Ginger Cat',Id:[I;1261988815,-1461304223,-1221012158,2075019693],Properties:{textures:[{Value:'eyJ0ZXh0dXJlcyI6eyJTS0lOIjp7InVybCI6Imh0dHA6Ly90ZXh0dXJlcy5taW5lY3JhZnQubmV0L3RleHR1cmUvYTc1NWU3ZGYwNGQxOGIzMWQ2M2MxN2Y0YTdiNGM3MzkyNGJkNjI2NWRhNjllMTEzZWRkZDk3NTE2ZmM3In19fQ=='}]}}}"
                }
              ],
              "conditions": [
                {
                  "condition": "entity_properties",
                  "predicate": {
                    "nbt": "{CatType:2}"
                  },
                  "entity": "this"
                }
              ]
            },
            {
              "type": "item",
              "name": "minecraft:player_head",
              "functions": [
                {
                  "function": "set_nbt",
                  "tag": "{SkullOwner:{Name:'Siamese Cat',Id:[I;393588106,111955298,-1575265987,-808640110],Properties:{textures:[{Value:'eyJ0ZXh0dXJlcyI6eyJTS0lOIjp7InVybCI6Imh0dHA6Ly90ZXh0dXJlcy5taW5lY3JhZnQubmV0L3RleHR1cmUvYWI4ODFjMzliM2FmZGNjNzlmOTFmZTVkZTNjZGQwMTViYzMzNTM4NDNmNTkxZjRkMjNjZDMwMjdkZTRlNiJ9fX0='}]}}}"
                }
              ],
              "conditions": [
                {
                  "condition": "entity_properties",
                  "predicate": {
                    "nbt": "{CatType:3}"
                  },
                  "entity": "this"
                }
              ]
            },
            {
              "type": "item",
              "name": "minecraft:player_head",
              "functions": [
                {
                  "function": "set_nbt",
                  "tag": "{SkullOwner:{Name:'British Shorthair Cat',Id:[I;1127415624,-1978777244,-1370149610,-889814640],Properties:{textures:[{Value:'eyJ0ZXh0dXJlcyI6eyJTS0lOIjp7InVybCI6Imh0dHA6Ly90ZXh0dXJlcy5taW5lY3JhZnQubmV0L3RleHR1cmUvNTM4OWUwZDVkM2U4MWY4NGI1NzBlMjk3ODI0NGIzYTczZTVhMjJiY2RiNjg3NGI0NGVmNWQwZjY2Y2EyNGVlYyJ9fX0='}]}}}"
                }
              ],
              "conditions": [
                {
                  "condition": "entity_properties",
                  "predicate": {
                    "nbt": "{CatType:4}"
                  },
                  "entity": "this"
                }
              ]
            },
            {
              "type": "item",
              "name": "minecraft:player_head",
              "functions": [
                {
                  "function": "set_nbt",
                  "tag": "{SkullOwner:{Name:'Calico Cat',Id:[I;38101243,-2069544753,-1230911239,-639946775],Properties:{textures:[{Value:'eyJ0ZXh0dXJlcyI6eyJTS0lOIjp7InVybCI6Imh0dHA6Ly90ZXh0dXJlcy5taW5lY3JhZnQubmV0L3RleHR1cmUvMzQwMDk3MjcxYmI2ODBmZTk4MWU4NTllOGJhOTNmZWEyOGI4MTNiMTA0MmJkMjc3ZWEzMzI5YmVjNDkzZWVmMyJ9fX0='}]}}}"
                }
              ],
              "conditions": [
                {
                  "condition": "entity_properties",
                  "predicate": {
                    "nbt": "{CatType:5}"
                  },
                  "entity": "this"
                }
              ]
            },
            {
              "type": "item",
              "name": "minecraft:player_head",
              "functions": [
                {
                  "function": "set_nbt",
                  "tag": "{SkullOwner:{Name:'Persian Cat',Id:[I;1881121448,-282376499,-1177326383,1809939380],Properties:{textures:[{Value:'eyJ0ZXh0dXJlcyI6eyJTS0lOIjp7InVybCI6Imh0dHA6Ly90ZXh0dXJlcy5taW5lY3JhZnQubmV0L3RleHR1cmUvZmY0MGM3NDYyNjBlZjkxYzk2YjI3MTU5Nzk1ZTg3MTkxYWU3Y2UzZDVmNzY3YmY4Yzc0ZmFhZDk2ODlhZjI1ZCJ9fX0='}]}}}"
                }
              ],
              "conditions": [
                {
                  "condition": "entity_properties",
                  "predicate": {
                    "nbt": "{CatType:6}"
                  },
                  "entity": "this"
                }
              ]
            },
            {
              "type": "item",
              "name": "minecraft:player_head",
              "functions": [
                {
                  "function": "set_nbt",
                  "tag": "{SkullOwner:{Name:'Ragdoll Cat',Id:[I;-1235324373,1513440609,-1461724260,2052195359],Properties:{textures:[{Value:'eyJ0ZXh0dXJlcyI6eyJTS0lOIjp7InVybCI6Imh0dHA6Ly90ZXh0dXJlcy5taW5lY3JhZnQubmV0L3RleHR1cmUvZGM3YTQ1ZDI1ODg5ZTNmZGY3Nzk3Y2IyNThlMjZkNGU5NGY1YmMxM2VlZjAwNzk1ZGFmZWYyZTgzZTBhYjUxMSJ9fX0='}]}}}"
                }
              ],
              "conditions": [
                {
                  "condition": "entity_properties",
                  "predicate": {
                    "nbt": "{CatType:7}"
                  },
                  "entity": "this"
                }
              ]
            },
            {
              "type": "item",
              "name": "minecraft:player_head",
              "functions": [
                {
                  "function": "set_nbt",
                  "tag": "{SkullOwner:{Name:'White Cat',Id:[I;-611027776,-249673773,-1495519556,-580962336],Properties:{textures:[{Value:'eyJ0ZXh0dXJlcyI6eyJTS0lOIjp7InVybCI6Imh0dHA6Ly90ZXh0dXJlcy5taW5lY3JhZnQubmV0L3RleHR1cmUvMjFkMTVhYzk1NThlOThiODlhY2E4OWQzODE5NTAzZjFjNTI1NmMyMTk3ZGQzYzM0ZGY1YWFjNGQ3MmU3ZmJlZCJ9fX0='}]}}}"
                }
              ],
              "conditions": [
                {
                  "condition": "entity_properties",
                  "predicate": {
                    "nbt": "{CatType:8}"
                  },
                  "entity": "this"
                }
              ]
            },
            {
              "type": "item",
              "name": "minecraft:player_head",
              "functions": [
                {
                  "function": "set_nbt",
                  "tag": "{SkullOwner:{Name:'Jellie',Id:[I;-257253285,42157667,-1688775973,-221632688],Properties:{textures:[{Value:'eyJ0ZXh0dXJlcyI6eyJTS0lOIjp7InVybCI6Imh0dHA6Ly90ZXh0dXJlcy5taW5lY3JhZnQubmV0L3RleHR1cmUvYTBkYjQxMzc2Y2E1N2RmMTBmY2IxNTM5ZTg2NjU0ZWVjZmQzNmQzZmU3NWU4MTc2ODg1ZTkzMTg1ZGYyODBhNSJ9fX0='}]}}}"
                }
              ],
              "conditions": [
                {
                  "condition": "entity_properties",
                  "predicate": {
                    "nbt": "{CatType:9}"
                  },
                  "entity": "this"
                }
              ]
            },
            {
              "type": "item",
              "name": "minecraft:player_head",
              "functions": [
                {
                  "function": "set_nbt",
                  "tag": "{SkullOwner:{Name:'Black Cat',Id:[I;-124177180,-1717547605,-1856930973,-2095161391],Properties:{textures:[{Value:'eyJ0ZXh0dXJlcyI6eyJTS0lOIjp7InVybCI6Imh0dHA6Ly90ZXh0dXJlcy5taW5lY3JhZnQubmV0L3RleHR1cmUvMjJjMWU4MWZmMDNlODJhM2U3MWUwY2Q1ZmJlYzYwN2UxMTM2MTA4OWFhNDdmMjkwZDQ2YzhhMmMwNzQ2MGQ5MiJ9fX0='}]}}}"
                }
              ],
              "conditions": [
                {
                  "condition": "entity_properties",
                  "predicate": {
                    "nbt": "{CatType:10}"
                  },
                  "entity": "this"
                }
              ]
            }
          ]
        }
      ]
    }
  ]
}