{
  "pools": [
    {
      "rolls": 1,
      "entries": [
        {
          "type": "minecraft:alternatives",
          "conditions": [
            {
              "condition": "killed_by_player"
            },
            {
              "condition": "random_chance_with_looting",
              "chance": 0.13,
              "looting_multiplier": 0.035
            }
          ],
          "children": [
            {
              "type": "item",
              "name": "minecraft:player_head",
              "functions": [
                {
                  "function": "set_nbt",
                  "tag": "{SkullOwner:{Id:[I;-114192879,-1597551363,-2050413784,1390520496],Name:'Charged Creeper',Properties:{textures:[{Value:'eyJ0ZXh0dXJlcyI6eyJTS0lOIjp7InVybCI6Imh0dHA6Ly90ZXh0dXJlcy5taW5lY3JhZnQubmV0L3RleHR1cmUvZjJjZWIzOWRkNGRlMjRhN2FkZmUyOTFhM2EwY2ZjN2NmNGY2NDVkZTU5YjYwM2ZjZmUwNmM2YjVhMDZlMjYifX19'}]}}}"
                }
              ],
              "conditions": [
                {
                  "condition": "entity_properties",
                  "predicate": {
                    "nbt": "{powered:1b}"
                  },
                  "entity": "this"
                }
              ]
            }
          ]
        }
      ]
    }
  ]
}