{
  "type": "minecraft:entity",
  "pools": [
    {
      "rolls": 1,
      "conditions": [
        {
          "condition": "killed_by_player"
        },
        {
          "condition": "random_chance_with_looting",
          "chance": 0.02,
          "looting_multiplier": 0.019
        }
      ],
      "entries": [
        {
          "type": "item",
          "name": "minecraft:player_head",
          "weight": 4,
          "functions": [
            {
              "function": "set_nbt",
              "tag": "{SkullOwner:{Id:[I;-130297919,34818391,-2003905566,-85519869],Name:'Vex',Properties:{textures:[{Value:'eyJ0ZXh0dXJlcyI6eyJTS0lOIjp7InVybCI6Imh0dHA6Ly90ZXh0dXJlcy5taW5lY3JhZnQubmV0L3RleHR1cmUvNWU3MzMwYzdkNWNkOGEwYTU1YWI5ZTk1MzIxNTM1YWM3YWUzMGZlODM3YzM3ZWE5ZTUzYmVhN2JhMmRlODZiIn19fQ=='}]}}}"
            }
          ]
        },
        {
          "type": "item",
          "name": "minecraft:player_head",
          "weight": 2,
          "functions": [
            {
              "function": "set_nbt",
              "tag": "{SkullOwner:{Id:[I;1240821716,-1506655700,-1333700282,1944394761],Name:'Charging Vex',Properties:{textures:[{Value:'eyJ0ZXh0dXJlcyI6eyJTS0lOIjp7InVybCI6Imh0dHA6Ly90ZXh0dXJlcy5taW5lY3JhZnQubmV0L3RleHR1cmUvOTY4ODZjYjk0ZjNiMzgyY2JjMzIxYWI0NjUzNTgxZjI4MmNhMDg0MTcyOGE0NzhlZTlkNDFhOGEzMjI0NzQzIn19fQ=='}]}}}"
            }
          ]
        }
      ]
    }
  ]
}